{"cameraMode":{"drawMode":0,"name":"Shaded","section":"Shading Mode"},"sceneLighting":true,"audioPlay":false,"sceneViewState":{"showFog":true,"showMaterialUpdate":false,"showSkybox":true,"showFlares":true,"showImageEffects":true,"showParticleSystems":true},"in2DMode":false,"pivot":{"x":555.5213012695313,"y":35.78240966796875,"z":353.1693115234375},"rotation":{"x":-0.12592194974422456,"y":-0.03333254158496857,"z":0.004043291788548231,"w":-0.9915766716003418},"size":328.4991455078125,"orthographic":false}